"Time (s)","Pressure (hPa)"
0.000000000E0,1.006822815E3
3.845214900E-2,1.006822815E3
7.690429700E-2,1.006821411E3
1.153869630E-1,1.006821411E3
1.538085940E-1,1.006821411E3
1.922607420E-1,1.006821411E3
2.307128910E-1,1.006821411E3
2.691650390E-1,1.006828979E3
3.076171880E-1,1.006828979E3
3.460693360E-1,1.006828979E3
3.845520020E-1,1.006828979E3
4.229736330E-1,1.006827576E3
4.614257820E-1,1.006827576E3
4.998779300E-1,1.006827576E3
5.386352540E-1,1.006827576E3
5.767822270E-1,1.006829285E3
6.152648930E-1,1.006829285E3
6.537170410E-1,1.006829285E3
6.921386720E-1,1.006829285E3
7.305908210E-1,1.006829285E3
7.690429690E-1,1.006829224E3
8.074951170E-1,1.006829224E3
8.459472660E-1,1.006829224E3
8.843994140E-1,1.006829224E3
9.228515630E-1,1.006829956E3
9.613342290E-1,1.006829956E3
9.997558600E-1,1.006829956E3
1.038208008E0,1.006829956E3
1.076660157E0,1.006828857E3
1.115112305E0,1.006828857E3
1.153564453E0,1.006828857E3
1.192047119E0,1.006828857E3
1.230499268E0,1.006828857E3
1.268920899E0,1.006826111E3
1.307373047E0,1.006826111E3
1.345825196E0,1.006826111E3
1.384277344E0,1.006826111E3
1.422729492E0,1.006830200E3
1.461181641E0,1.006830200E3
1.499633789E0,1.006830200E3
1.538116455E0,1.006830200E3
1.576538086E0,1.006831604E3
1.614990235E0,1.006831604E3
1.653442383E0,1.006831604E3
1.691894532E0,1.006831604E3
1.730407715E0,1.006831604E3
1.768768311E0,1.006826721E3
1.807281494E0,1.006826721E3
1.845916748E0,1.006826721E3
1.884155274E0,1.006826721E3
1.922607422E0,1.006821899E3
1.961059571E0,1.006821899E3
1.999511719E0,1.006821899E3
2.037963867E0,1.006821899E3
2.076416016E0,1.006818787E3
2.114898682E0,1.006818787E3
2.153320313E0,1.006818787E3
2.191772461E0,1.006818787E3
2.230224610E0,1.006818787E3
2.268676758E0,1.006821167E3
2.307128907E0,1.006821167E3
2.345581055E0,1.006821167E3
2.384063721E0,1.006821167E3
2.422485352E0,1.006821167E3
2.460937500E0,1.006821167E3
2.499908448E0,1.006821167E3
2.537841797E0,1.006821167E3
2.576293946E0,1.006823486E3
2.614746094E0,1.006823486E3
2.653198242E0,1.006823486E3
2.691680908E0,1.006823486E3
2.730102539E0,1.006828674E3
2.768646240E0,1.006828674E3
2.807006836E0,1.006828674E3
2.845458985E0,1.006828674E3
2.883911133E0,1.006828674E3
2.922363282E0,1.006825562E3
2.960845948E0,1.006825562E3
2.999267578E0,1.006825562E3
3.037719727E0,1.006825562E3
3.076171875E0,1.006820679E3
3.114624024E0,1.006820679E3
3.153076172E0,1.006820679E3
3.191528321E0,1.006820679E3
3.230010987E0,1.006826538E3
3.268432617E0,1.006826538E3
3.306884766E0,1.006826538E3
3.345336914E0,1.006826538E3
3.383789063E0,1.006826538E3
3.422241211E0,1.006834778E3
3.460693360E0,1.006834778E3
3.499145508E0,1.006834778E3
3.537628174E0,1.006834778E3
3.576049805E0,1.006838867E3
3.614501953E0,1.006838867E3
3.652954102E0,1.006838867E3
3.691406250E0,1.006838867E3
3.729858399E0,1.006846436E3
3.768310547E0,1.006846436E3
3.806793213E0,1.006846436E3
3.845245362E0,1.006846436E3
3.883636475E0,1.006846436E3
3.922119141E0,1.006850220E3
3.960571289E0,1.006850220E3
3.999023438E0,1.006850220E3
4.037475586E0,1.006850220E3
4.075927735E0,1.006856750E3
4.114410401E0,1.006856750E3
4.152832032E0,1.006856750E3
4.191284180E0,1.006856750E3
4.229736328E0,1.006849182E3
4.268188477E0,1.006849182E3
4.306640625E0,1.006849182E3
4.345092774E0,1.006849182E3
4.383575440E0,1.006849182E3
4.421974798E0,1.006853943E3
4.460426946E0,1.006853943E3
4.499214788E0,1.006853943E3
4.537331243E0,1.006853943E3
4.575783391E0,1.006871155E3
4.614235540E0,1.006871155E3
4.652687688E0,1.006871155E3
4.691170354E0,1.006871155E3
4.729591985E0,1.006876343E3
4.768044134E0,1.006876343E3
4.806496282E0,1.006876343E3
4.844948430E0,1.006876343E3
4.883400579E0,1.006876343E3
4.921852727E0,1.006883179E3
4.960335393E0,1.006883179E3
4.999916692E0,1.006883179E3
5.037209173E0,1.006883179E3
5.075661321E0,1.006891846E3
5.114113469E0,1.006891846E3
5.153114934E0,1.006891846E3
5.191017766E0,1.006891846E3
5.229500432E0,1.006895264E3
5.267922063E0,1.006895264E3
5.306374212E0,1.006895264E3
5.344826360E0,1.006895264E3
5.383278509E0,1.006895264E3
5.421730657E0,1.006904236E3
5.460182805E0,1.006904236E3
5.498634954E0,1.006904236E3
5.537117620E0,1.006904236E3
5.575539251E0,1.006911133E3
5.613991399E0,1.006911133E3
5.652443548E0,1.006911133E3
5.690895696E0,1.006911133E3
5.729347844E0,1.006913879E3
5.767799993E0,1.006913879E3
5.807137151E0,1.006913879E3
5.844734807E0,1.006913879E3
5.883156438E0,1.006913879E3
5.921608587E0,1.006916992E3
5.960060735E0,1.006916992E3
5.998512884E0,1.006916992E3
6.036965032E0,1.006916992E3
6.075417180E0,1.006924255E3
6.113899846E0,1.006924255E3
6.152321477E0,1.006924255E3
6.190773626E0,1.006924255E3
6.229225774E0,1.006928345E3
6.267677923E0,1.006928345E3
6.306130071E0,1.006928345E3
6.344582219E0,1.006928345E3
6.383064885E0,1.006928345E3
6.421486516E0,1.006927734E3
6.459938665E0,1.006927734E3
6.498390813E0,1.006927734E3
6.536812444E0,1.006927734E3
6.575295110E0,1.006933960E3
6.613747259E0,1.006933960E3
6.652199407E0,1.006933960E3
6.690682073E0,1.006933960E3
6.729103704E0,1.006941895E3
6.767555852E0,1.006941895E3
6.806038518E0,1.006941895E3
6.844460149E0,1.006941895E3
6.882912298E0,1.006941895E3
6.921364446E0,1.006943604E3
6.959847112E0,1.006943604E3
6.998268743E0,1.006943604E3
7.036720891E0,1.006943604E3
7.075173040E0,1.006948120E3
7.113625188E0,1.006948120E3
7.152382512E0,1.006948120E3
7.190529485E0,1.006948120E3
7.228981634E0,1.006954712E3
7.267464300E0,1.006954712E3
7.305885930E0,1.006954712E3
7.344338079E0,1.006954712E3
7.382790227E0,1.006954712E3
7.421242376E0,1.006956421E3
7.459694524E0,1.006956421E3
7.498146673E0,1.006956421E3
7.536629339E0,1.006956421E3
7.575050969E0,1.006956421E3
7.613503118E0,1.006956421E3
7.651955266E0,1.006956421E3
7.690407415E0,1.006956421E3
7.728859563E0,1.006960938E3
7.767311712E0,1.006960938E3
7.806374212E0,1.006960938E3
7.844216009E0,1.006960938E3
7.882668157E0,1.006960938E3
7.921120305E0,1.006970581E3
7.959572454E0,1.006970581E3
7.998024602E0,1.006970581E3
8.036476751E0,1.006970581E3
8.074928899E0,1.006979248E3
8.113411565E0,1.006979248E3
8.151833196E0,1.006979248E3
8.190285344E0,1.006979248E3
8.228737493E0,1.006990967E3
8.267189641E0,1.006990967E3
8.305641790E0,1.006990967E3
8.344093938E0,1.006990967E3
8.382576604E0,1.006990967E3
8.420998235E0,1.006992371E3
8.459450384E0,1.006992371E3
8.497902532E0,1.006992371E3
8.536354680E0,1.006992371E3
8.574806829E0,1.006999268E3
8.613258977E0,1.006999268E3
8.651711126E0,1.006999268E3
8.690193792E0,1.006999268E3
8.728615423E0,1.007013062E3
8.767067571E0,1.007013062E3
8.805519719E0,1.007013062E3
8.843971868E0,1.007013062E3
8.882424016E0,1.007013062E3
8.920876165E0,1.007010681E3
8.959358831E0,1.007010681E3
8.997780462E0,1.007010681E3
9.036232610E0,1.007010681E3
9.074684759E0,1.007010681E3
9.113136907E0,1.007010681E3
9.151619573E0,1.007010681E3
9.190041204E0,1.007010681E3
9.228493352E0,1.007018616E3
9.266976018E0,1.007018616E3
9.305397649E0,1.007018616E3
9.343849798E0,1.007018616E3
9.382332464E0,1.007018616E3
9.420754094E0,1.007023132E3
9.459206243E0,1.007023132E3
9.497658391E0,1.007023132E3
9.536141057E0,1.007023132E3
9.574562688E0,1.007029358E3
9.613014837E0,1.007029358E3
9.651466985E0,1.007029358E3
9.689919134E0,1.007029358E3
9.728371282E0,1.007026978E3
9.766823430E0,1.007026978E3
9.805611272E0,1.007026978E3
9.843758245E0,1.007026978E3
9.882179876E0,1.007026978E3
9.920632024E0,1.007021851E3
9.959084173E0,1.007021851E3
9.997536321E0,1.007021851E3
1.003598847E1,1.007021851E3
1.007444062E1,1.007019409E3
1.011292328E1,1.007019409E3
1.015134492E1,1.007019409E3
1.018979706E1,1.007019409E3
1.022824921E1,1.007022217E3
1.026670136E1,1.007022217E3
1.030515351E1,1.007022217E3
1.034360566E1,1.007022217E3
1.038208832E1,1.007022217E3
1.042050995E1,1.007030823E3
1.045957245E1,1.007030823E3
1.049741425E1,1.007030823E3
1.053586640E1,1.007030823E3
1.057431855E1,1.007035706E3
1.061277070E1,1.007035706E3
1.065122284E1,1.007035706E3
1.068970551E1,1.007035706E3
1.072812714E1,1.007040161E3
1.076657929E1,1.007040161E3
1.080503144E1,1.007040161E3
1.084565034E1,1.007040161E3
1.088193574E1,1.007040161E3
1.092038788E1,1.007051208E3
1.095887055E1,1.007051208E3
1.099729218E1,1.007051208E3
1.103574433E1,1.007051208E3
1.107419648E1,1.007038513E3
1.111264863E1,1.007038513E3
1.115110077E1,1.007038513E3
1.118955292E1,1.007038513E3
1.122800507E1,1.007041626E3
1.126648774E1,1.007041626E3
1.130490937E1,1.007041626E3
1.134336152E1,1.007041626E3
1.138181367E1,1.007041626E3
1.142026581E1,1.007048523E3
1.145871796E1,1.007048523E3
1.149717011E1,1.007048523E3
1.153565278E1,1.007048523E3
1.157407441E1,1.007052002E3
1.161252656E1,1.007052002E3
1.165210785E1,1.007052002E3
1.168943085E1,1.007052002E3
1.172788300E1,1.007049988E3
1.176633515E1,1.007049988E3
1.180478730E1,1.007049988E3
1.184326996E1,1.007049988E3
1.188169159E1,1.007049988E3
1.192014374E1,1.007052734E3
1.195859589E1,1.007052734E3
1.199704804E1,1.007052734E3
1.203550019E1,1.007052734E3
1.207395234E1,1.007056213E3
1.211243500E1,1.007056213E3
1.215085663E1,1.007056213E3
1.218930878E1,1.007056213E3
1.222776093E1,1.007058350E3
1.226621308E1,1.007058350E3
1.230466523E1,1.007058350E3
1.234311738E1,1.007058350E3
1.238156952E1,1.007058350E3
1.242005219E1,1.007053162E3
1.245905366E1,1.007053162E3
1.249692597E1,1.007053162E3
1.253537812E1,1.007053162E3
1.257383027E1,1.007050781E3
1.261228242E1,1.007050781E3
1.265073456E1,1.007050781E3
1.268921723E1,1.007050781E3
1.272763886E1,1.007049072E3
1.276609101E1,1.007049072E3
1.280454316E1,1.007049072E3
1.284299530E1,1.007049072E3
1.288144745E1,1.007049072E3
1.291989960E1,1.007047058E3
1.295838227E1,1.007047058E3
1.299680390E1,1.007047058E3
1.303525605E1,1.007047058E3
1.307370820E1,1.007050171E3
1.311277070E1,1.007050171E3
1.315061249E1,1.007050171E3
1.318906464E1,1.007050171E3
1.322751679E1,1.007058472E3
1.326599946E1,1.007058472E3
1.330442109E1,1.007058472E3
1.334287324E1,1.007058472E3
1.338132538E1,1.007058472E3
1.341977753E1,1.007058472E3
1.345822968E1,1.007058472E3
1.349668183E1,1.007058472E3
1.353516450E1,1.007058472E3
1.357358613E1,1.007057800E3
1.361203827E1,1.007057800E3
1.365049042E1,1.007057800E3
1.368894257E1,1.007057800E3
1.372739472E1,1.007058838E3
1.376587739E1,1.007058838E3
1.380429902E1,1.007058838E3
1.384278168E1,1.007058838E3
1.388120331E1,1.007058838E3
1.391965546E1,1.007065735E3
1.395810761E1,1.007065735E3
1.399655976E1,1.007065735E3
1.403501191E1,1.007065735E3
1.407346406E1,1.007070251E3
1.411194672E1,1.007070251E3
1.415036835E1,1.007070251E3
1.418882050E1,1.007070251E3
1.422727265E1,1.007076477E3
1.426572480E1,1.007076477E3
1.430417695E1,1.007076477E3
1.434262909E1,1.007076477E3
1.438108124E1,1.007082642E3
1.441957048E1,1.007082642E3
1.445811418E1,1.007082642E3
1.449644426E1,1.007082642E3
1.453489640E1,1.007082642E3
1.457334855E1,1.007094055E3
1.461180070E1,1.007094055E3
1.465025285E1,1.007094055E3
1.468873552E1,1.007094055E3
1.472715715E1,1.007105469E3
1.476560929E1,1.007105469E3
1.480406144E1,1.007105469E3
1.484251359E1,1.007105469E3
1.488096574E1,1.007104370E3
1.491938737E1,1.007104370E3
1.495790055E1,1.007104370E3
1.499632218E1,1.007104370E3
1.503477433E1,1.007104370E3
1.507322648E1,1.007106506E3
1.511207536E1,1.007106506E3
1.515010026E1,1.007106506E3
1.518858293E1,1.007106506E3
1.522703508E1,1.007114746E3
1.526551774E1,1.007114746E3
1.530393937E1,1.007114746E3
1.534239152E1,1.007114746E3
1.538084367E1,1.007123718E3
1.541929582E1,1.007123718E3
1.545774797E1,1.007123718E3
1.549620012E1,1.007123718E3
1.553468278E1,1.007123718E3
1.557310441E1,1.007131287E3
1.561155656E1,1.007131287E3
1.565000871E1,1.007131287E3
1.568846086E1,1.007131287E3
1.572691300E1,1.007138550E3
1.576536515E1,1.007138550E3
1.580378678E1,1.007138550E3
1.584229997E1,1.007138550E3
1.588072160E1,1.007135132E3
1.591917375E1,1.007135132E3
1.595762590E1,1.007135132E3
1.599607804E1,1.007135132E3
1.603453019E1,1.007135132E3
1.607298234E1,1.007135803E3
1.611146501E1,1.007135803E3
1.614988664E1,1.007135803E3
1.618833879E1,1.007135803E3
1.622679094E1,1.007143066E3
1.626524308E1,1.007143066E3
1.630369523E1,1.007143066E3
1.634214738E1,1.007143066E3
1.638059953E1,1.007147156E3
1.641908220E1,1.007147156E3
1.645753434E1,1.007147156E3
1.649595597E1,1.007147156E3
1.653440812E1,1.007147156E3
1.657286027E1,1.007155762E3
1.661131242E1,1.007155762E3
1.664976457E1,1.007155762E3
1.668824723E1,1.007155762E3
1.672666886E1,1.007166504E3
1.676512101E1,1.007166504E3
1.680357316E1,1.007166504E3
1.684202531E1,1.007166504E3
1.688047746E1,1.007175110E3
1.691892961E1,1.007175110E3
1.695738176E1,1.007175110E3
1.699586442E1,1.007175110E3
1.703428605E1,1.007175110E3
1.707273820E1,1.007180908E3
1.711140397E1,1.007180908E3
1.714961198E1,1.007180908E3
1.718809465E1,1.007180908E3
1.722654679E1,1.007195435E3
1.726502946E1,1.007195435E3
1.730345109E1,1.007195435E3
1.734190324E1,1.007195435E3
1.738035539E1,1.007200562E3
1.741880754E1,1.007200562E3
1.745725968E1,1.007200562E3
1.749739030E1,1.007200562E3
1.753419450E1,1.007200562E3
1.757261613E1,1.007207825E3
1.761106828E1,1.007207825E3
1.764952043E1,1.007207825E3
1.768797258E1,1.007207825E3
1.772642472E1,1.007211243E3
1.776530412E1,1.007211243E3
1.780332902E1,1.007211243E3
1.784181169E1,1.007211243E3
1.788023332E1,1.007200928E3
1.791868547E1,1.007200928E3
1.795713762E1,1.007200928E3
1.799558976E1,1.007200928E3
1.803404191E1,1.007200928E3
1.807249406E1,1.007211243E3
1.811097673E1,1.007211243E3
1.814939836E1,1.007211243E3
1.818785050E1,1.007211243E3
1.822630265E1,1.007219849E3
1.826475480E1,1.007219849E3
1.830351213E1,1.007219849E3
1.834165910E1,1.007219849E3
1.838011125E1,1.007216431E3
1.841920426E1,1.007216431E3
1.845701554E1,1.007216431E3
1.849546769E1,1.007216431E3
1.853391984E1,1.007216431E3
1.857237199E1,1.007217102E3
1.861082414E1,1.007217102E3
1.864927629E1,1.007217102E3
1.868775895E1,1.007217102E3
1.872618058E1,1.007215759E3
1.876463273E1,1.007215759E3
1.880308488E1,1.007215759E3
1.884153703E1,1.007215759E3
1.887998918E1,1.007214050E3
1.891844133E1,1.007214050E3
1.895689347E1,1.007214050E3
1.899537614E1,1.007214050E3
1.903379777E1,1.007214050E3
1.907224992E1,1.007211304E3
1.911070207E1,1.007211304E3
1.914915422E1,1.007211304E3
1.918760636E1,1.007211304E3
1.922605851E1,1.007218140E3
1.926454118E1,1.007218140E3
1.930296281E1,1.007218140E3
1.934141496E1,1.007218140E3
1.937986711E1,1.007221985E3
1.941831926E1,1.007221985E3
1.945677140E1,1.007221985E3
1.949522355E1,1.007221985E3
1.953367570E1,1.007221985E3
1.957215837E1,1.007223022E3
1.961058000E1,1.007223022E3
1.964903215E1,1.007223022E3
1.968748429E1,1.007223022E3
1.972593644E1,1.007217896E3
1.976444963E1,1.007217896E3
1.980284074E1,1.007217896E3
1.984132341E1,1.007217896E3
1.987974504E1,1.007231262E3
1.991819718E1,1.007231262E3
1.995664933E1,1.007231262E3
1.999510148E1,1.007231262E3
2.003355363E1,1.007231262E3
2.007200578E1,1.007231262E3
2.011048844E1,1.007231262E3
2.014891008E1,1.007231262E3
2.018736222E1,1.007231262E3
2.022581437E1,1.007240234E3
2.026426652E1,1.007240234E3
2.030271867E1,1.007240234E3
2.034117082E1,1.007240234E3
2.037962297E1,1.007240967E3
2.041850236E1,1.007240967E3
2.045652726E1,1.007240967E3
2.049497941E1,1.007240967E3
2.053343156E1,1.007240967E3
2.057188371E1,1.007232300E3
2.061033586E1,1.007232300E3
2.064878800E1,1.007232300E3
2.068727067E1,1.007232300E3
2.072569230E1,1.007234436E3
2.076414445E1,1.007234436E3
2.080259660E1,1.007234436E3
2.084104875E1,1.007234436E3
2.087950090E1,1.007237854E3
2.091795304E1,1.007237854E3
2.095640519E1,1.007237854E3
2.099488786E1,1.007237854E3
2.103330949E1,1.007237854E3
2.107240251E1,1.007239624E3
2.111021379E1,1.007239624E3
2.114866594E1,1.007239624E3
2.118711808E1,1.007239624E3
2.122557023E1,1.007238525E3
2.126405290E1,1.007238525E3
2.130247453E1,1.007238525E3
2.134092668E1,1.007238525E3
2.137937883E1,1.007242004E3
2.141783097E1,1.007242004E3
2.145628312E1,1.007242004E3
2.149473527E1,1.007242004E3
2.153318742E1,1.007242004E3
2.157167008E1,1.007245850E3
2.161009172E1,1.007245850E3
2.164854386E1,1.007245850E3
2.168699601E1,1.007245850E3
2.172544816E1,1.007237183E3
2.176390031E1,1.007237183E3
2.180235246E1,1.007237183E3
2.184083512E1,1.007237183E3
2.187925676E1,1.007235474E3
2.191770890E1,1.007235474E3
2.195616105E1,1.007235474E3
2.199461320E1,1.007235474E3
2.203306535E1,1.007235474E3
2.207151750E1,1.007241333E3
2.210996965E1,1.007241333E3
2.214845231E1,1.007241333E3
2.218687394E1,1.007241333E3
2.222532609E1,1.007236145E3
2.226377824E1,1.007236145E3
2.230223039E1,1.007236145E3
2.234068254E1,1.007236145E3
2.237913468E1,1.007232056E3
2.241776994E1,1.007232056E3
2.245603898E1,1.007232056E3
2.249449113E1,1.007232056E3
2.253294328E1,1.007232056E3
2.257139543E1,1.007233765E3
2.260984758E1,1.007233765E3
2.264829972E1,1.007233765E3
2.268678239E1,1.007233765E3
2.272520402E1,1.007236206E3
2.276365617E1,1.007236206E3
2.280210832E1,1.007236206E3
2.284056047E1,1.007236206E3
2.287901262E1,1.007239990E3
2.291746476E1,1.007239990E3
2.295591691E1,1.007239990E3
2.299439958E1,1.007239990E3
2.303282121E1,1.007239990E3
2.307173112E1,1.007233765E3
2.310972550E1,1.007233765E3
2.314817765E1,1.007233765E3
2.318662980E1,1.007233765E3
2.322508195E1,1.007232422E3
2.326356462E1,1.007232422E3
2.330198625E1,1.007232422E3
2.334147599E1,1.007232422E3
2.337889054E1,1.007241699E3
2.341734269E1,1.007241699E3
2.345579484E1,1.007241699E3
2.349424699E1,1.007241699E3
2.353269914E1,1.007241699E3
2.357118180E1,1.007235229E3
2.360960344E1,1.007235229E3
2.364805558E1,1.007235229E3
2.368650773E1,1.007235229E3
2.372495988E1,1.007232422E3
2.376341203E1,1.007232422E3
2.380186418E1,1.007232422E3
2.384034684E1,1.007232422E3
2.387876847E1,1.007240356E3
2.391722062E1,1.007240356E3
2.395567277E1,1.007240356E3
2.399412492E1,1.007240356E3
2.403257707E1,1.007240356E3
2.407102922E1,1.007251404E3
2.410948136E1,1.007251404E3
2.414796403E1,1.007251404E3
2.418638566E1,1.007251404E3
2.422483781E1,1.007255859E3
2.426328996E1,1.007255859E3
2.430174211E1,1.007255859E3
2.434019426E1,1.007255859E3
2.437864640E1,1.007274536E3
2.441712893E1,1.007274536E3
2.445555056E1,1.007274536E3
2.449400271E1,1.007274536E3
2.453245486E1,1.007274536E3
2.457090701E1,1.007298645E3
2.460935916E1,1.007298645E3
2.464781130E1,1.007298645E3
2.468629397E1,1.007298645E3
2.472471560E1,1.007301025E3
2.476316775E1,1.007301025E3
2.480161990E1,1.007301025E3
2.484007205E1,1.007301025E3
2.487852419E1,1.007303833E3
2.491697634E1,1.007303833E3
2.495542849E1,1.007303833E3
2.499391116E1,1.007303833E3
2.503233279E1,1.007303833E3
2.507096804E1,1.007315552E3
2.510923708E1,1.007315552E3
2.514768923E1,1.007315552E3
2.518614138E1,1.007315552E3
2.522459353E1,1.007311462E3
2.526307620E1,1.007311462E3
2.530149783E1,1.007311462E3
2.533994998E1,1.007311462E3
2.537840212E1,1.007312866E3
2.541685427E1,1.007312866E3
2.545530642E1,1.007312866E3
2.549375857E1,1.007312866E3
2.553221072E1,1.007314941E3
2.557069338E1,1.007314941E3
2.560911502E1,1.007314941E3
2.564756716E1,1.007314941E3
2.568601931E1,1.007314941E3
2.572495974E1,1.007325256E3
2.576292361E1,1.007325256E3
2.580137576E1,1.007325256E3
2.583985842E1,1.007325256E3
2.587828005E1,1.007337036E3
2.591673220E1,1.007337036E3
2.595518435E1,1.007337036E3
2.599363650E1,1.007337036E3
2.603208865E1,1.007343567E3
2.607054080E1,1.007343567E3
2.610899294E1,1.007343567E3
2.614747561E1,1.007343567E3
2.618589724E1,1.007343567E3
2.622434939E1,1.007342896E3
2.626280154E1,1.007342896E3
2.630125369E1,1.007342896E3
2.633970584E1,1.007342896E3
2.637815798E1,1.007351196E3
2.641664065E1,1.007351196E3
2.645506228E1,1.007351196E3
2.649351443E1,1.007351196E3
2.653196658E1,1.007355652E3
2.657041873E1,1.007355652E3
2.660887087E1,1.007355652E3
2.664732302E1,1.007355652E3
2.668577517E1,1.007355652E3
2.672425784E1,1.007352234E3
2.676267947E1,1.007352234E3
2.680113162E1,1.007352234E3
2.683958376E1,1.007352234E3
2.687803591E1,1.007352234E3
2.691648806E1,1.007352234E3
2.695494021E1,1.007352234E3
2.699342288E1,1.007352234E3
2.703184451E1,1.007367432E3
2.707029666E1,1.007367432E3
2.710877932E1,1.007367432E3
2.714720095E1,1.007367432E3
2.718565310E1,1.007367432E3
2.722410525E1,1.007372253E3
2.726258792E1,1.007372253E3
2.730100955E1,1.007372253E3
2.733946169E1,1.007372253E3
2.737791384E1,1.007385742E3
2.741636599E1,1.007385742E3
2.745481814E1,1.007385742E3
2.749327029E1,1.007385742E3
2.753172244E1,1.007389160E3
2.757020510E1,1.007389160E3
2.760862673E1,1.007389160E3
2.764707888E1,1.007389160E3
2.768553103E1,1.007389160E3
2.772431887E1,1.007392639E3
2.776243533E1,1.007392639E3
2.780088748E1,1.007392639E3
2.783937014E1,1.007392639E3
2.787779177E1,1.007395752E3
2.791624392E1,1.007395752E3
2.795469607E1,1.007395752E3
2.799314822E1,1.007395752E3
2.803160037E1,1.007400940E3
2.807005252E1,1.007400940E3
2.810850466E1,1.007400940E3
2.814698733E1,1.007400940E3
2.818540896E1,1.007400940E3
2.822386111E1,1.007413391E3
2.826231326E1,1.007413391E3
2.830076541E1,1.007413391E3
2.833921755E1,1.007413391E3
2.838056887E1,1.007418579E3
2.841615237E1,1.007418579E3
2.845457400E1,1.007418579E3
2.849302615E1,1.007418579E3
2.853147830E1,1.007425171E3
2.856993044E1,1.007425171E3
2.860838259E1,1.007425171E3
2.864683474E1,1.007425171E3
2.868528689E1,1.007425171E3
2.872376956E1,1.007432739E3
2.876219119E1,1.007432739E3
2.880064334E1,1.007432739E3
2.883909548E1,1.007432739E3
2.887754763E1,1.007438293E3
2.891599978E1,1.007438293E3
2.895445193E1,1.007438293E3
2.899293460E1,1.007438293E3
2.903135623E1,1.007443481E3
2.906980837E1,1.007443481E3
2.910826052E1,1.007443481E3
2.914671267E1,1.007443481E3
2.918669070E1,1.007443481E3
2.922361697E1,1.007443481E3
2.926206912E1,1.007443481E3
2.930055178E1,1.007443481E3
2.933897341E1,1.007443481E3
2.937742556E1,1.007438293E3
2.941587771E1,1.007438293E3
2.945432986E1,1.007438293E3
2.949278201E1,1.007438293E3
2.953123416E1,1.007434204E3
2.956971682E1,1.007434204E3
2.960813845E1,1.007434204E3
2.964659060E1,1.007434204E3
2.968504275E1,1.007434204E3
2.972358645E1,1.007437622E3
2.976194705E1,1.007437622E3
2.980039919E1,1.007437622E3
2.983888186E1,1.007437622E3
2.987730349E1,1.007433533E3
2.991575564E1,1.007433533E3
2.995420779E1,1.007433533E3
2.999281252E1,1.007433533E3
3.003111208E1,1.007431519E3
3.006956423E1,1.007431519E3
3.010801638E1,1.007431519E3
3.014649905E1,1.007431519E3
3.018492068E1,1.007431519E3
3.022337283E1,1.007436646E3
3.026182498E1,1.007436646E3
3.030027712E1,1.007436646E3
3.033872927E1,1.007436646E3
3.037757815E1,1.007433228E3
3.041566409E1,1.007433228E3
3.045408572E1,1.007433228E3
3.049253787E1,1.007433228E3
3.053099002E1,1.007425659E3
3.056944216E1,1.007425659E3
3.060789431E1,1.007425659E3
3.064634646E1,1.007425659E3
3.068479861E1,1.007425659E3
3.072328127E1,1.007432556E3
3.076170291E1,1.007432556E3
3.080015505E1,1.007432556E3
3.083860720E1,1.007432556E3
3.087705935E1,1.007430542E3
3.091551150E1,1.007430542E3
3.095396365E1,1.007430542E3
3.099244631E1,1.007430542E3
3.103086794E1,1.007427063E3
3.106932009E1,1.007427063E3
3.110777224E1,1.007427063E3
3.114622439E1,1.007427063E3
3.118467654E1,1.007427063E3
3.122312869E1,1.007434326E3
3.126158084E1,1.007434326E3
3.130006350E1,1.007434326E3
3.133848513E1,1.007434326E3
3.137693728E1,1.007430908E3
3.141541995E1,1.007430908E3
3.145384158E1,1.007430908E3
3.149229373E1,1.007430908E3
3.153074587E1,1.007428833E3
3.156922854E1,1.007428833E3
3.160765017E1,1.007428833E3
3.164610232E1,1.007428833E3
3.168455447E1,1.007428833E3
3.172303713E1,1.007437500E3
3.176145876E1,1.007437500E3
3.179991091E1,1.007437500E3
3.183836306E1,1.007437500E3
3.187684573E1,1.007440918E3
3.191526736E1,1.007440918E3
3.195371951E1,1.007440918E3
3.199217166E1,1.007440918E3
3.203062380E1,1.007447510E3
3.206907595E1,1.007447510E3
3.210752810E1,1.007447510E3
3.214601077E1,1.007447510E3
3.218443240E1,1.007447510E3
3.222288455E1,1.007460266E3
3.226133669E1,1.007460266E3
3.229978884E1,1.007460266E3
3.233824099E1,1.007460266E3
3.237687625E1,1.007465088E3
3.241514529E1,1.007465088E3
3.245359744E1,1.007465088E3
3.249204959E1,1.007465088E3
3.253056277E1,1.007463379E3
3.256892336E1,1.007463379E3
3.260740603E1,1.007463379E3
3.264585818E1,1.007463379E3
3.268431033E1,1.007463379E3
3.272279299E1,1.007466858E3
3.276121462E1,1.007466858E3
3.279966677E1,1.007466858E3
3.283811892E1,1.007466858E3
3.287657107E1,1.007473389E3
3.291502322E1,1.007473389E3
3.295347537E1,1.007473389E3
3.299195803E1,1.007473389E3
3.303086794E1,1.007485474E3
3.306883181E1,1.007485474E3
3.310728396E1,1.007485474E3
3.314573611E1,1.007485474E3
3.318418826E1,1.007485474E3
3.322264040E1,1.007493408E3
3.326109255E1,1.007493408E3
3.329957522E1,1.007493408E3
3.333799685E1,1.007493408E3
3.337644900E1,1.007505493E3
3.341490115E1,1.007505493E3
3.345335330E1,1.007505493E3
3.349180544E1,1.007505493E3
3.353025759E1,1.007514465E3
3.356874026E1,1.007514465E3
3.360716189E1,1.007514465E3
3.364561404E1,1.007514465E3
3.368406619E1,1.007514465E3
3.372251834E1,1.007523071E3
3.376097048E1,1.007523071E3
3.379942263E1,1.007523071E3
3.383787478E1,1.007523071E3
3.387635745E1,1.007524170E3
3.391477908E1,1.007524170E3
3.395323123E1,1.007524170E3
3.399168337E1,1.007524170E3
3.403013552E1,1.007530334E3
3.406858767E1,1.007530334E3
3.410703982E1,1.007530334E3
3.414552248E1,1.007530334E3
3.418394412E1,1.007530334E3
3.422239626E1,1.007541077E3
3.426084841E1,1.007541077E3
3.429930056E1,1.007541077E3
3.433775271E1,1.007541077E3
3.437620486E1,1.007547974E3
3.441465219E1,1.007547974E3
3.445310434E1,1.007547974E3
3.449155649E1,1.007547974E3
3.453000864E1,1.007563171E3
3.456846079E1,1.007563171E3
3.460691294E1,1.007563171E3
3.464536508E1,1.007563171E3
3.468384775E1,1.007565918E3
3.472226938E1,1.007565918E3
3.476072153E1,1.007565918E3
3.479917368E1,1.007565918E3
3.483762583E1,1.007565918E3
3.487607798E1,1.007579712E3
3.491453012E1,1.007579712E3
3.495298227E1,1.007579712E3
3.499146494E1,1.007579712E3
3.503187021E1,1.007596924E3
3.506830820E1,1.007596924E3
3.510679087E1,1.007596924E3
3.514524301E1,1.007596924E3
3.518369516E1,1.007608704E3
3.522214731E1,1.007608704E3
3.526059946E1,1.007608704E3
3.529908213E1,1.007608704E3
3.533750376E1,1.007608704E3
3.537595591E1,1.007610046E3
3.541440805E1,1.007610046E3
3.545286020E1,1.007610046E3
3.549131235E1,1.007610046E3
3.552976450E1,1.007616272E3
3.556824716E1,1.007616272E3
3.560666880E1,1.007616272E3
3.564512094E1,1.007616272E3
3.568409189E1,1.007613892E3
3.572202524E1,1.007613892E3
3.576047739E1,1.007613892E3
3.579899057E1,1.007613892E3
3.583735117E1,1.007613892E3
3.587583383E1,1.007615295E3
3.591428598E1,1.007615295E3
3.595273813E1,1.007615295E3
3.599119028E1,1.007615295E3
3.602964243E1,1.007621826E3
3.606809458E1,1.007621826E3
3.610654672E1,1.007621826E3
3.614502939E1,1.007621826E3
3.618345102E1,1.007624573E3
3.622190317E1,1.007624573E3
3.626035532E1,1.007624573E3
3.629880747E1,1.007624573E3
3.633725962E1,1.007624573E3
3.637571176E1,1.007638062E3
3.641416391E1,1.007638062E3
3.645264658E1,1.007638062E3
3.649106821E1,1.007638062E3
3.652952036E1,1.007637329E3
3.656797251E1,1.007637329E3
3.660642466E1,1.007637329E3
3.664487680E1,1.007637329E3
3.668332895E1,1.007634583E3
3.672181162E1,1.007634583E3
3.676023325E1,1.007634583E3
3.679868540E1,1.007634583E3
3.683713755E1,1.007634583E3
3.687558969E1,1.007648376E3
3.691404184E1,1.007648376E3
3.695249399E1,1.007648376E3
3.699097666E1,1.007648376E3
3.702939829E1,1.007651123E3
3.706785044E1,1.007651123E3
3.710630258E1,1.007651123E3
3.714475473E1,1.007651123E3
3.718320688E1,1.007654297E3
3.722165903E1,1.007654297E3
3.726011118E1,1.007654297E3
3.729859384E1,1.007654297E3
3.733701548E1,1.007654297E3
3.737546762E1,1.007656006E3
3.741391977E1,1.007656006E3
3.745237192E1,1.007656006E3
3.749082407E1,1.007656006E3
3.752927622E1,1.007651855E3
3.756775888E1,1.007651855E3
3.760618051E1,1.007651855E3
3.764463266E1,1.007651855E3
3.768342050E1,1.007646057E3
3.772153696E1,1.007646057E3
3.775998911E1,1.007646057E3
3.779844126E1,1.007646057E3
3.783689341E1,1.007646057E3
3.787531504E1,1.007641907E3
3.791370615E1,1.007641907E3
3.795218882E1,1.007641907E3
3.799061045E1,1.007641907E3
3.802906259E1,1.007643250E3
3.806751474E1,1.007643250E3
3.810596689E1,1.007643250E3
3.814444956E1,1.007643250E3
3.818290171E1,1.007646057E3
3.822132334E1,1.007646057E3
3.825977549E1,1.007646057E3
3.829825815E1,1.007646057E3
3.833667978E1,1.007646057E3
3.837516245E1,1.007645386E3
3.841358408E1,1.007645386E3
3.845206674E1,1.007645386E3
3.849061045E1,1.007645386E3
3.852897104E1,1.007646362E3
3.856739267E1,1.007646362E3
3.860584482E1,1.007646362E3
3.864429697E1,1.007646362E3
3.868274912E1,1.007651550E3
3.872123178E1,1.007651550E3
3.875965342E1,1.007651550E3
3.879810556E1,1.007651550E3
3.883655771E1,1.007651550E3
3.887500986E1,1.007654297E3
3.891346201E1,1.007654297E3
3.895191416E1,1.007654297E3
3.899036630E1,1.007654297E3
3.902884897E1,1.007646057E3
3.906727060E1,1.007646057E3
3.910575327E1,1.007646057E3
3.914417490E1,1.007646057E3
3.918262705E1,1.007643677E3
3.922120127E1,1.007643677E3
3.925953134E1,1.007643677E3
3.929801401E1,1.007643677E3
3.933643564E1,1.007643677E3
3.937488779E1,1.007643005E3
3.941333994E1,1.007643005E3
3.945179209E1,1.007643005E3
3.949024424E1,1.007643005E3
3.952869638E1,1.007644348E3
3.956717905E1,1.007644348E3
3.960560068E1,1.007644348E3
3.964405283E1,1.007644348E3
3.968247446E1,1.007648804E3
3.972095713E1,1.007648804E3
3.975940927E1,1.007648804E3
3.979786142E1,1.007648804E3
3.983631357E1,1.007648804E3
3.987479624E1,1.007641235E3
3.991327890E1,1.007641235E3
3.995176157E1,1.007641235E3
3.999021372E1,1.007641235E3
4.002866587E1,1.007638184E3
4.006711801E1,1.007638184E3
4.010557016E1,1.007638184E3
4.014405283E1,1.007638184E3
4.018247446E1,1.007644409E3
4.022092661E1,1.007644409E3
4.025937876E1,1.007644409E3
4.029783091E1,1.007644409E3
4.033664926E1,1.007644409E3
4.037473520E1,1.007641602E3
4.041318735E1,1.007641602E3
4.045167002E1,1.007641602E3
4.049009165E1,1.007641602E3
4.052854380E1,1.007647827E3
4.056699594E1,1.007647827E3
4.060544809E1,1.007647827E3
4.064390024E1,1.007647827E3
4.068235239E1,1.007658203E3
4.072083506E1,1.007658203E3
4.075925669E1,1.007658203E3
4.079770883E1,1.007658203E3
4.083616098E1,1.007658203E3
4.087616953E1,1.007664368E3
4.091303476E1,1.007664368E3
4.095151743E1,1.007664368E3
4.099061045E1,1.007664368E3
4.102845224E1,1.007672974E3
4.106687387E1,1.007672974E3
4.110532602E1,1.007672974E3
4.114377817E1,1.007672974E3
4.118223032E1,1.007659546E3
4.122068247E1,1.007659546E3
4.125913462E1,1.007659546E3
4.129761728E1,1.007659546E3
4.133603891E1,1.007659546E3
4.137449106E1,1.007663025E3
4.141294321E1,1.007663025E3
4.145139536E1,1.007663025E3
4.148984751E1,1.007663025E3
4.152829966E1,1.007658203E3
4.156675180E1,1.007658203E3
4.160523447E1,1.007658203E3
4.164365610E1,1.007658203E3
4.168326792E1,1.007655823E3
4.172052988E1,1.007655823E3
4.175901255E1,1.007655823E3
4.179746469E1,1.007655823E3
4.183591684E1,1.007655823E3
4.187439951E1,1.007655457E3
4.191282114E1,1.007655457E3
4.195127329E1,1.007655457E3
4.198972544E1,1.007655457E3
4.202817758E1,1.007648926E3
4.206662973E1,1.007648926E3
4.210508188E1,1.007648926E3
4.214356455E1,1.007648926E3
4.218198618E1,1.007642700E3
4.222043833E1,1.007642700E3
4.225889048E1,1.007642700E3
4.229734262E1,1.007642700E3
4.233591684E1,1.007647156E3
4.237421640E1,1.007647156E3
4.241269907E1,1.007647156E3
4.245118174E1,1.007647156E3
4.248960337E1,1.007647156E3
4.252805551E1,1.007640625E3
4.256650766E1,1.007640625E3
4.260495981E1,1.007640625E3
4.264341196E1,1.007640625E3
4.268186411E1,1.007631348E3
4.272031626E1,1.007631348E3
4.275876841E1,1.007631348E3
4.279722055E1,1.007631348E3
4.283567270E1,1.007618225E3
4.287412485E1,1.007618225E3
4.291257700E1,1.007618225E3
4.295102915E1,1.007618225E3
4.298990854E1,1.007618225E3
4.302796396E1,1.007613770E3
4.306638559E1,1.007613770E3
4.310483774E1,1.007613770E3
4.314328989E1,1.007613770E3
4.318174204E1,1.007598572E3
4.322019419E1,1.007598572E3
4.325864633E1,1.007598572E3
4.329712900E1,1.007598572E3
4.333555063E1,1.007588257E3
4.337400278E1,1.007588257E3
4.341245493E1,1.007588257E3
4.345090708E1,1.007588257E3
4.348935922E1,1.007588257E3
4.352781137E1,1.007579590E3
4.356626352E1,1.007579590E3
4.360474619E1,1.007579590E3
4.364316782E1,1.007579590E3
4.368161997E1,1.007576843E3
4.372007212E1,1.007576843E3
4.375852426E1,1.007576843E3
4.379697641E1,1.007576843E3
4.383542856E1,1.007570312E3
4.387391123E1,1.007570312E3
4.391233286E1,1.007570312E3
4.395078501E1,1.007570312E3
4.398923716E1,1.007570312E3
4.402768930E1,1.007566895E3
4.406614145E1,1.007566895E3
4.410459360E1,1.007566895E3
4.414307627E1,1.007566895E3
4.418149790E1,1.007559937E3
4.421995005E1,1.007559937E3
4.425840219E1,1.007559937E3
4.429685434E1,1.007559937E3
4.433530649E1,1.007550964E3
4.437375864E1,1.007550964E3
4.441221139E1,1.007550964E3
4.445069406E1,1.007550964E3
4.448911569E1,1.007550964E3
4.452756784E1,1.007545166E3
4.456601999E1,1.007545166E3
4.460447214E1,1.007545166E3
4.464292428E1,1.007545166E3
4.468137643E1,1.007538208E3
4.471985910E1,1.007538208E3
4.475828073E1,1.007538208E3
4.479673288E1,1.007538208E3
4.483518503E1,1.007528564E3
4.487363718E1,1.007528564E3
4.491208932E1,1.007528564E3
4.495054147E1,1.007528564E3
4.498923776E1,1.007528564E3
4.502747629E1,1.007526184E3
4.506589792E1,1.007526184E3
4.510435007E1,1.007526184E3
4.514280221E1,1.007526184E3
4.518125436E1,1.007522339E3
4.521970651E1,1.007522339E3
4.525815866E1,1.007522339E3
4.529664132E1,1.007522339E3
4.533506296E1,1.007518250E3
4.537351510E1,1.007518250E3
4.541196725E1,1.007518250E3
4.545038888E1,1.007518250E3
4.548887155E1,1.007518250E3
4.552732370E1,1.007517212E3
4.556577585E1,1.007517212E3
4.560425851E1,1.007517212E3
4.564322946E1,1.007517212E3
4.568113229E1,1.007514404E3
4.571958444E1,1.007514404E3
4.575803659E1,1.007514404E3
4.579648874E1,1.007514404E3
4.583494089E1,1.007504089E3
4.587342355E1,1.007504089E3
4.591184518E1,1.007504089E3
4.595029733E1,1.007504089E3
4.598874948E1,1.007504089E3
4.602720163E1,1.007495789E3
4.606565378E1,1.007495789E3
4.610410593E1,1.007495789E3
4.614255807E1,1.007495789E3
4.618104074E1,1.007490601E3
4.621946237E1,1.007490601E3
4.625791452E1,1.007490601E3
4.629636667E1,1.007490601E3
4.633481882E1,1.007488892E3
4.637327096E1,1.007488892E3
4.641172311E1,1.007488892E3
4.645020578E1,1.007488892E3
4.648862741E1,1.007488892E3
4.652707956E1,1.007485107E3
4.656553171E1,1.007485107E3
4.660398386E1,1.007485107E3
4.664243600E1,1.007485107E3
4.668088815E1,1.007481995E3
4.671937082E1,1.007481995E3
4.675779245E1,1.007481995E3
4.679624460E1,1.007481995E3
4.683469674E1,1.007470947E3
4.687314889E1,1.007470947E3
4.691160104E1,1.007470947E3
4.695005319E1,1.007470947E3
4.698853586E1,1.007470947E3
4.702698800E1,1.007469543E3
4.706540964E1,1.007469543E3
4.710386178E1,1.007469543E3
4.714231393E1,1.007469543E3
4.718076608E1,1.007467163E3
4.721921823E1,1.007467163E3
4.725767038E1,1.007467163E3
4.729615304E1,1.007467163E3
4.733457468E1,1.007470947E3
4.737302682E1,1.007470947E3
4.741147897E1,1.007470947E3
4.744993112E1,1.007470947E3
4.748838327E1,1.007470947E3
4.752848337E1,1.007468872E3
4.756525705E1,1.007468872E3
4.760377023E1,1.007468872E3
4.764264963E1,1.007468872E3
4.768064401E1,1.007461304E3
4.771909616E1,1.007461304E3
4.775754831E1,1.007461304E3
4.779600046E1,1.007461304E3
4.783445260E1,1.007468506E3
4.787293527E1,1.007468506E3
4.791135690E1,1.007468506E3
4.794980905E1,1.007468506E3
4.798826120E1,1.007468506E3
4.802671335E1,1.007459229E3
4.806516550E1,1.007459229E3
4.810361764E1,1.007459229E3
4.814206979E1,1.007459229E3
4.818055246E1,1.007457092E3
4.821897409E1,1.007457092E3
4.825742624E1,1.007457092E3
4.829587839E1,1.007457092E3
4.833533761E1,1.007452271E3
4.837278268E1,1.007452271E3
4.841123483E1,1.007452271E3
4.844971750E1,1.007452271E3
4.848813913E1,1.007452271E3
4.852659128E1,1.007443665E3
4.856504343E1,1.007443665E3
4.860349557E1,1.007443665E3
4.864194772E1,1.007443665E3
4.868039987E1,1.007445374E3
4.871885202E1,1.007445374E3
4.875733469E1,1.007445374E3
4.879575632E1,1.007445374E3
4.883420846E1,1.007446716E3
4.887266061E1,1.007446716E3
4.891111276E1,1.007446716E3
4.894956491E1,1.007446716E3
4.898801706E1,1.007446716E3
4.902649972E1,1.007450195E3
4.906492136E1,1.007450195E3
4.910337350E1,1.007450195E3
4.914182565E1,1.007450195E3
4.918027780E1,1.007451538E3
4.921872995E1,1.007451538E3
4.925718210E1,1.007451538E3
4.929566476E1,1.007451538E3
4.933408639E1,1.007452209E3
4.937253854E1,1.007452209E3
4.941099069E1,1.007452209E3
4.944944284E1,1.007452209E3
4.948789499E1,1.007452209E3
4.952634714E1,1.007451843E3
4.956479928E1,1.007451843E3
4.960328195E1,1.007451843E3
4.964197824E1,1.007451843E3
4.968015573E1,1.007453613E3
4.971860788E1,1.007453613E3
4.975706003E1,1.007453613E3
4.979551218E1,1.007453613E3
4.983396432E1,1.007453613E3
4.987244699E1,1.007453613E3
4.991086862E1,1.007453613E3
4.994932077E1,1.007453613E3
4.998777292E1,1.007453613E3
5.002622507E1,1.007451538E3
5.006467721E1,1.007451538E3
5.010312936E1,1.007451538E3
5.014158151E1,1.007451538E3
5.018006418E1,1.007439087E3
5.021848581E1,1.007439087E3
5.025693796E1,1.007439087E3
5.029596994E1,1.007439087E3
5.033384225E1,1.007447693E3
5.037229440E1,1.007447693E3
5.041074655E1,1.007447693E3
5.044922922E1,1.007447693E3
5.048765085E1,1.007447327E3
5.052610300E1,1.007447327E3
5.056455514E1,1.007447327E3
5.060300729E1,1.007447327E3
5.064145944E1,1.007447327E3
5.067991159E1,1.007443848E3
5.071836374E1,1.007443848E3
5.075684640E1,1.007443848E3
5.079526803E1,1.007443848E3
5.083372018E1,1.007433167E3
5.087217233E1,1.007433167E3
5.091062448E1,1.007433167E3
5.094907663E1,1.007433167E3
5.098752878E1,1.007437317E3
5.102601144E1,1.007437317E3
5.106443307E1,1.007437317E3
5.110288522E1,1.007437317E3
5.114133737E1,1.007437317E3
5.117978952E1,1.007431763E3
5.121824167E1,1.007431763E3
5.125669382E1,1.007431763E3
5.129514596E1,1.007431763E3
5.133362863E1,1.007421387E3
5.137205026E1,1.007421387E3
5.141050241E1,1.007421387E3
5.144895456E1,1.007421387E3
5.148740671E1,1.007416565E3
5.152585886E1,1.007416565E3
5.156431100E1,1.007416565E3
5.160279367E1,1.007416565E3
5.164139841E1,1.007416565E3
5.167966745E1,1.007415222E3
5.171811960E1,1.007415222E3
5.175657174E1,1.007415222E3
5.179502389E1,1.007415222E3
5.183347604E1,1.007412415E3
5.187195871E1,1.007412415E3
5.191038034E1,1.007412415E3
5.194883249E1,1.007412415E3
5.198728464E1,1.007414490E3
5.202573678E1,1.007414490E3
5.206418893E1,1.007414490E3
5.210264108E1,1.007414490E3
5.214109323E1,1.007414490E3
5.217957590E1,1.007411011E3
5.221799753E1,1.007411011E3
5.225644968E1,1.007411011E3
5.229535959E1,1.007411011E3
5.233335397E1,1.007399658E3
5.237180612E1,1.007399658E3
5.241025827E1,1.007399658E3
5.244874094E1,1.007399658E3
5.248716257E1,1.007389282E3
5.252561471E1,1.007389282E3
5.256406686E1,1.007389282E3
5.260251901E1,1.007389282E3
5.264097116E1,1.007389282E3
5.267942331E1,1.007386536E3
5.271787546E1,1.007386536E3
5.275635812E1,1.007386536E3
5.279477975E1,1.007386536E3
5.283323190E1,1.007383789E3
5.287168405E1,1.007383789E3
5.291013620E1,1.007383789E3
5.294922922E1,1.007383789E3
5.298704050E1,1.007364441E3
5.302552316E1,1.007364441E3
5.306394479E1,1.007364441E3
5.310239694E1,1.007364441E3
5.314084909E1,1.007364441E3
5.317930124E1,1.007363403E3
5.321775339E1,1.007363403E3
5.325620553E1,1.007363403E3
5.329465768E1,1.007363403E3
5.333314035E1,1.007347900E3
5.337342355E1,1.007347900E3
5.341001413E1,1.007347900E3
5.344846628E1,1.007347900E3
5.348691843E1,1.007346863E3
5.352537057E1,1.007346863E3
5.356382272E1,1.007346863E3
5.360230539E1,1.007346863E3
5.364072702E1,1.007346863E3
5.367917917E1,1.007338867E3
5.371763132E1,1.007338867E3
5.375608346E1,1.007338867E3
5.379453561E1,1.007338867E3
5.383298776E1,1.007337891E3
5.387143991E1,1.007337891E3
5.390989206E1,1.007337891E3
5.394834421E1,1.007337891E3
5.398679636E1,1.007337158E3
5.402524850E1,1.007337158E3
5.406370065E1,1.007337158E3
5.410215280E1,1.007337158E3
5.414060495E1,1.007337158E3
5.417997262E1,1.007336121E3
5.421747873E1,1.007336121E3
5.425596139E1,1.007336121E3
5.429453561E1,1.007336121E3
5.433283517E1,1.007331665E3
5.437131784E1,1.007331665E3
5.440977473E1,1.007331665E3
5.444825739E1,1.007331665E3
5.448667902E1,1.007325439E3
5.452513117E1,1.007325439E3
5.456358332E1,1.007325439E3
5.460203547E1,1.007325439E3
5.464048762E1,1.007325439E3
5.467893977E1,1.007312317E3
5.471739192E1,1.007312317E3
5.475587458E1,1.007312317E3
5.479429621E1,1.007312317E3
5.483274836E1,1.007306458E3
5.487120051E1,1.007306458E3
5.490965266E1,1.007306458E3
5.494847102E1,1.007306458E3
5.498677058E1,1.007295105E3
5.502503962E1,1.007295105E3
5.506346125E1,1.007295105E3
5.510191340E1,1.007295105E3
5.514036555E1,1.007295105E3
5.517881770E1,1.007292969E3
5.521730036E1,1.007292969E3
5.525572199E1,1.007292969E3
5.529417414E1,1.007292969E3
5.533265681E1,1.007276123E3
5.537110896E1,1.007276123E3
5.540953059E1,1.007276123E3
5.544798274E1,1.007276123E3
5.548643488E1,1.007272339E3
5.552488703E1,1.007272339E3
5.556333918E1,1.007272339E3
5.560243220E1,1.007272339E3
5.564024348E1,1.007272339E3
5.567869563E1,1.007273010E3
5.571714778E1,1.007273010E3
5.575559992E1,1.007273010E3
5.579405207E1,1.007273010E3
5.583250422E1,1.007263306E3
5.587095637E1,1.007263306E3
5.590943904E1,1.007263306E3
5.594786067E1,1.007263306E3
5.598631281E1,1.007259216E3
5.602476496E1,1.007259216E3
5.606321711E1,1.007259216E3
5.610166926E1,1.007259216E3
5.614012141E1,1.007259216E3
5.617860407E1,1.007258179E3
5.621702571E1,1.007258179E3
5.625547785E1,1.007258179E3
5.629393000E1,1.007258179E3
5.633238215E1,1.007257080E3
5.637083430E1,1.007257080E3
5.640928645E1,1.007257080E3
5.644776911E1,1.007257080E3
5.648622126E1,1.007254333E3
5.652461238E1,1.007254333E3
5.656309504E1,1.007254333E3
5.660154719E1,1.007254333E3
5.663999934E1,1.007254333E3
5.667845149E1,1.007253296E3
5.671690364E1,1.007253296E3
5.675538630E1,1.007253296E3
5.679380793E1,1.007253296E3
5.683226008E1,1.007245361E3
5.687071223E1,1.007245361E3
5.690916438E1,1.007245361E3
5.694770808E1,1.007245361E3
5.698606867E1,1.007238831E3
5.702455134E1,1.007238831E3
5.706297297E1,1.007238831E3
5.710142512E1,1.007238831E3
5.713987727E1,1.007238831E3
5.717832942E1,1.007243652E3
5.721678156E1,1.007243652E3
5.725523371E1,1.007243652E3
5.729368586E1,1.007243652E3
5.733216853E1,1.007246033E3
5.737059016E1,1.007246033E3
5.740904231E1,1.007246033E3
5.744749446E1,1.007246033E3
5.748594660E1,1.007240845E3
5.752439875E1,1.007240845E3
5.756285090E1,1.007240845E3
5.760176081E1,1.007240845E3
5.763975520E1,1.007240845E3
5.767820735E1,1.007241211E3
5.771665949E1,1.007241211E3
5.775511164E1,1.007241211E3
5.779356379E1,1.007241211E3
5.783201594E1,1.007247437E3
5.787046809E1,1.007247437E3
5.790895075E1,1.007247437E3
5.794737238E1,1.007247437E3
5.798582453E1,1.007248108E3
5.802427668E1,1.007248108E3
5.806272883E1,1.007248108E3
5.810118098E1,1.007248108E3
5.813963313E1,1.007248108E3
5.817811579E1,1.007246033E3
5.821653742E1,1.007246033E3
5.825498957E1,1.007246033E3
5.829344172E1,1.007246033E3
5.833189387E1,1.007243225E3
5.837034602E1,1.007243225E3
5.840879817E1,1.007243225E3
5.844725031E1,1.007243225E3
5.848573298E1,1.007242188E3
5.852415461E1,1.007242188E3
5.856260676E1,1.007242188E3
5.860105891E1,1.007242188E3
5.863954157E1,1.007242188E3
5.867796321E1,1.007236328E3
5.871641535E1,1.007236328E3
5.875489802E1,1.007236328E3
5.879331965E1,1.007236328E3
5.883177180E1,1.007238770E3
5.887022395E1,1.007238770E3
5.890867610E1,1.007238770E3
5.894715876E1,1.007238770E3
5.898558039E1,1.007241516E3
5.902406306E1,1.007241516E3
5.906248469E1,1.007241516E3
5.910093684E1,1.007241516E3
5.913938899E1,1.007241516E3
5.917784114E1,1.007243225E3
5.921821589E1,1.007243225E3
5.925474543E1,1.007243225E3
5.929319758E1,1.007243225E3
5.933168025E1,1.007246338E3
5.937010188E1,1.007246338E3
5.940855402E1,1.007246338E3
5.944700617E1,1.007246338E3
5.948545832E1,1.007247375E3
5.952391047E1,1.007247375E3
5.956236262E1,1.007247375E3
5.960096736E1,1.007247375E3
5.963926692E1,1.007243896E3
5.967771906E1,1.007243896E3
5.971617121E1,1.007243896E3
5.975468440E1,1.007243896E3
5.979304499E1,1.007243896E3
5.983152766E1,1.007247375E3
5.986997981E1,1.007247375E3
5.990846247E1,1.007247375E3
5.994688410E1,1.007247375E3
5.998533625E1,1.007242188E3
6.002418513E1,1.007242188E3
6.006224055E1,1.007242188E3
6.010069270E1,1.007242188E3
6.013914485E1,1.007238770E3
6.017762751E1,1.007238770E3
6.021604914E1,1.007238770E3
6.025492854E1,1.007238770E3
6.029295344E1,1.007238770E3
6.033140559E1,1.007238770E3
6.036985774E1,1.007238770E3
6.040830988E1,1.007238770E3
6.044676203E1,1.007238770E3
6.048524470E1,1.007248047E3
6.052366633E1,1.007248047E3
6.056211848E1,1.007248047E3
6.060057063E1,1.007248047E3
6.063902278E1,1.007244934E3
6.067747492E1,1.007244934E3
6.071592707E1,1.007244934E3
6.075440974E1,1.007244934E3
6.079283137E1,1.007244934E3
6.083128352E1,1.007244934E3
6.086976618E1,1.007244934E3
6.090879817E1,1.007244934E3
6.094660945E1,1.007244934E3
6.098509211E1,1.007243225E3
6.102354426E1,1.007243225E3
6.106202693E1,1.007243225E3
6.110044856E1,1.007243225E3
6.113890071E1,1.007237366E3
6.117735285E1,1.007237366E3
6.121580500E1,1.007237366E3
6.125425715E1,1.007237366E3
6.129270930E1,1.007237366E3
6.133119196E1,1.007230469E3
6.136961360E1,1.007230469E3
6.140806574E1,1.007230469E3
6.144651789E1,1.007230469E3
6.148497004E1,1.007223267E3
6.152342219E1,1.007223267E3
6.156187434E1,1.007223267E3
6.160035700E1,1.007223267E3
6.163877864E1,1.007207764E3
6.167723078E1,1.007207764E3
6.171568293E1,1.007207764E3
6.175413508E1,1.007207764E3
6.179258723E1,1.007207764E3
6.183100886E1,1.007197754E3
6.186949152E1,1.007197754E3
6.190797419E1,1.007197754E3
6.194639582E1,1.007197754E3
6.198490901E1,1.007205688E3
6.202330012E1,1.007205688E3
6.206175227E1,1.007205688E3
6.210020442E1,1.007205688E3
6.213865656E1,1.007204712E3
6.217713923E1,1.007204712E3
6.221556086E1,1.007204712E3
6.225416560E1,1.007204712E3
6.229246516E1,1.007204712E3
6.233094782E1,1.007198120E3
6.236936946E1,1.007198120E3
6.240782160E1,1.007198120E3
6.244627375E1,1.007198120E3
6.248475642E1,1.007188477E3
6.252317805E1,1.007188477E3
6.256163020E1,1.007188477E3
6.260008235E1,1.007188477E3
6.263853449E1,1.007187134E3
6.267698664E1,1.007187134E3
6.271543879E1,1.007187134E3
6.275392146E1,1.007187134E3
6.279234309E1,1.007187134E3
6.283088679E1,1.007179871E3
6.286924738E1,1.007179871E3
6.290815730E1,1.007179871E3
6.294615168E1,1.007179871E3
6.298460383E1,1.007177124E3
6.302305598E1,1.007177124E3
6.306153864E1,1.007177124E3
6.309996028E1,1.007177124E3
6.313841242E1,1.007174744E3
6.317686457E1,1.007174744E3
6.321531672E1,1.007174744E3
6.325376887E1,1.007174744E3
6.329222102E1,1.007174744E3
6.333070368E1,1.007175781E3
6.336912531E1,1.007175781E3
6.340757746E1,1.007175781E3
6.344602961E1,1.007175781E3
6.348448176E1,1.007163025E3
6.352293391E1,1.007163025E3
6.356199641E1,1.007163025E3
6.359983821E1,1.007163025E3
6.363829035E1,1.007162659E3
6.367674250E1,1.007162659E3
6.371519465E1,1.007162659E3
6.375364680E1,1.007162659E3
6.379209895E1,1.007162659E3
6.383055110E1,1.007153381E3
6.386900324E1,1.007153381E3
6.390748591E1,1.007153381E3
6.394590754E1,1.007153381E3
6.398435969E1,1.007136536E3
6.402281184E1,1.007136536E3
6.406126399E1,1.007136536E3
6.409971614E1,1.007136536E3
6.413816828E1,1.007125488E3
6.417665095E1,1.007125488E3
6.421507258E1,1.007125488E3
6.425352473E1,1.007125488E3
6.429197688E1,1.007125488E3
6.433042902E1,1.007119629E3
6.436888117E1,1.007119629E3
6.440733662E1,1.007119629E3
6.444578876E1,1.007119629E3
6.448427143E1,1.007104858E3
6.452269306E1,1.007104858E3
6.456114521E1,1.007104858E3
6.459959736E1,1.007104858E3
6.463804951E1,1.007098999E3
6.467650166E1,1.007098999E3
6.471495380E1,1.007098999E3
6.475343647E1,1.007098999E3
6.479185810E1,1.007098999E3
6.483031025E1,1.007094849E3
6.486876240E1,1.007094849E3
6.490730610E1,1.007094849E3
6.494563618E1,1.007094849E3
6.498411884E1,1.007092468E3
6.502257099E1,1.007092468E3
6.506270161E1,1.007092468E3
6.509947529E1,1.007092468E3
6.513792744E1,1.007082825E3
6.517637958E1,1.007082825E3
6.521483173E1,1.007082825E3
6.525328388E1,1.007082825E3
6.529173603E1,1.007082825E3
6.533021870E1,1.007078674E3
6.536864033E1,1.007078674E3
6.540709248E1,1.007078674E3
6.544554462E1,1.007078674E3
6.548399677E1,1.007069031E3
6.552244892E1,1.007069031E3
6.556126728E1,1.007069031E3
6.559935322E1,1.007069031E3
6.563783588E1,1.007062500E3
6.567625752E1,1.007062500E3
6.571470966E1,1.007062500E3
6.575316181E1,1.007062500E3
6.579161396E1,1.007062500E3
6.583006611E1,1.007057983E3
6.586894550E1,1.007057983E3
6.590700092E1,1.007057983E3
6.594542255E1,1.007057983E3
6.598387470E1,1.007062500E3
6.602232685E1,1.007062500E3
6.606077900E1,1.007062500E3
6.609923115E1,1.007062500E3
6.613768330E1,1.007050781E3
6.617616596E1,1.007050781E3
6.621519794E1,1.007050781E3
6.625300922E1,1.007050781E3
6.629149189E1,1.007050781E3
6.632994404E1,1.007041138E3
6.636842670E1,1.007041138E3
6.640684834E1,1.007041138E3
6.644530048E1,1.007041138E3
6.648378315E1,1.007038086E3
6.652220478E1,1.007038086E3
6.656065693E1,1.007038086E3
6.659910908E1,1.007038086E3
6.663756122E1,1.007031860E3
6.667601337E1,1.007031860E3
6.671446552E1,1.007031860E3
6.675294819E1,1.007031860E3
6.679136982E1,1.007031860E3
6.682982197E1,1.007030518E3
6.686827412E1,1.007030518E3
6.690672626E1,1.007030518E3
6.694517841E1,1.007030518E3
6.698363056E1,1.007027710E3
6.702208271E1,1.007027710E3
6.706056538E1,1.007027710E3
6.709898701E1,1.007027710E3
6.713743916E1,1.007021545E3
6.717589130E1,1.007021545E3
6.721434345E1,1.007021545E3
6.725279560E1,1.007021545E3
6.729124775E1,1.007021545E3
6.732973042E1,1.007011536E3
6.736815205E1,1.007011536E3
6.740660419E1,1.007011536E3
6.744505634E1,1.007011536E3
6.748353901E1,1.007013916E3
6.752193012E1,1.007013916E3
6.756044331E1,1.007013916E3
6.759886494E1,1.007013916E3
6.763734760E1,1.007010864E3
6.767576923E1,1.007010864E3
6.771422138E1,1.007010864E3
6.775267353E1,1.007010864E3
6.779112568E1,1.007010864E3
6.782957783E1,1.007010864E3
6.786802998E1,1.007010864E3
6.790651264E1,1.007010864E3
6.794493427E1,1.007010864E3
6.798338642E1,1.007008484E3
6.802183857E1,1.007008484E3
6.806029072E1,1.007008484E3
6.809874287E1,1.007008484E3
6.813719502E1,1.007005005E3
6.817564716E1,1.007005005E3
6.821449604E1,1.007005005E3
6.825255146E1,1.007005005E3
6.829100361E1,1.007005005E3
6.832945576E1,1.007009155E3
6.836790791E1,1.007009155E3
6.840636005E1,1.007009155E3
6.844481220E1,1.007009155E3
6.848329487E1,1.007009521E3
6.852174702E1,1.007009521E3
6.856016865E1,1.007009521E3
6.859862080E1,1.007009521E3
6.863707294E1,1.007017090E3
6.867552509E1,1.007017090E3
6.871397724E1,1.007017090E3
6.875245991E1,1.007017090E3
6.879088154E1,1.007013672E3
6.882933369E1,1.007013672E3
6.886842670E1,1.007013672E3
6.890623798E1,1.007013672E3
6.894469013E1,1.007013672E3
6.898314228E1,1.007010193E3
6.902159443E1,1.007010193E3
6.906007710E1,1.007010193E3
6.909849872E1,1.007010193E3
6.913695087E1,1.007011902E3
6.917540302E1,1.007011902E3
6.921385517E1,1.007011902E3
6.925230732E1,1.007011902E3
6.929075947E1,1.007020508E3
6.932924213E1,1.007020508E3
6.936766376E1,1.007020508E3
6.940611591E1,1.007020508E3
6.944456806E1,1.007020508E3
6.948302021E1,1.007019470E3
6.952147236E1,1.007019470E3
6.955992451E1,1.007019470E3
6.959837666E1,1.007019470E3
6.963688984E1,1.007016052E3
6.967528095E1,1.007016052E3
6.971373310E1,1.007016052E3
6.975218525E1,1.007016052E3
6.979063740E1,1.007023315E3
6.982908955E1,1.007023315E3
6.986754169E1,1.007023315E3
6.990602436E1,1.007023315E3
6.994444599E1,1.007023315E3
6.998289814E1,1.007023315E3
7.002135029E1,1.007023315E3
7.005980244E1,1.007023315E3
7.009825458E1,1.007023315E3
7.013670673E1,1.007030884E3
7.017515888E1,1.007030884E3
7.021373310E1,1.007030884E3
7.025206318E1,1.007030884E3
7.029051533E1,1.007038086E3
7.032896748E1,1.007038086E3
7.036741962E1,1.007038086E3
7.040587177E1,1.007038086E3
7.044432392E1,1.007038086E3
7.048280659E1,1.007039856E3
7.052122822E1,1.007039856E3
7.055968037E1,1.007039856E3
7.059813252E1,1.007039856E3
7.063658466E1,1.007042236E3
7.067503681E1,1.007042236E3
7.071348896E1,1.007042236E3
7.075200214E1,1.007042236E3
7.079042377E1,1.007042236E3
7.082884541E1,1.007042236E3
7.086772480E1,1.007042236E3
7.090761127E1,1.007042236E3
7.094420185E1,1.007042236E3
7.098265400E1,1.007043945E3
7.102110615E1,1.007043945E3
7.105958881E1,1.007043945E3
7.109801044E1,1.007043945E3
7.113646259E1,1.007042236E3
7.117491474E1,1.007042236E3
7.121336689E1,1.007042236E3
7.125181904E1,1.007042236E3
7.129027119E1,1.007039185E3
7.132875385E1,1.007039185E3
7.136717548E1,1.007039185E3
7.140562763E1,1.007039185E3
7.144411030E1,1.007039185E3
7.148253193E1,1.007035706E3
7.152159443E1,1.007035706E3
7.155943622E1,1.007035706E3
7.159788837E1,1.007035706E3
7.163637104E1,1.007029846E3
7.167479267E1,1.007029846E3
7.171400776E1,1.007029846E3
7.175166645E1,1.007029846E3
7.179014912E1,1.007040894E3
7.182860126E1,1.007040894E3
7.186705341E1,1.007040894E3
7.190553608E1,1.007040894E3
7.194395771E1,1.007040894E3
7.198240986E1,1.007034668E3
7.202086201E1,1.007034668E3
7.205931416E1,1.007034668E3
7.209776630E1,1.007034668E3
7.213621845E1,1.007026428E3
7.217467060E1,1.007026428E3
7.221315327E1,1.007026428E3
7.225157490E1,1.007026428E3
7.229002705E1,1.007020203E3
7.232847919E1,1.007020203E3
7.236693134E1,1.007020203E3
7.240538349E1,1.007020203E3
7.244383564E1,1.007020203E3
7.248231831E1,1.007017090E3
7.252073994E1,1.007017090E3
7.255919208E1,1.007017090E3
7.259764423E1,1.007017090E3
7.263609638E1,1.007004028E3
7.267454853E1,1.007004028E3
7.271300068E1,1.007004028E3
7.275145283E1,1.007004028E3
7.278993549E1,1.006999878E3
7.282835712E1,1.006999878E3
7.286696186E1,1.006999878E3
7.290529194E1,1.006999878E3
7.294371357E1,1.006999878E3
7.298216572E1,1.006992310E3
7.302061787E1,1.006992310E3
7.305910053E1,1.006992310E3
7.309752216E1,1.006992310E3
7.313597431E1,1.006989929E3
7.317442646E1,1.006989929E3
7.321287861E1,1.006989929E3
7.325133076E1,1.006989929E3
7.328978291E1,1.006982300E3
7.332823505E1,1.006982300E3
7.336668720E1,1.006982300E3
7.340513935E1,1.006982300E3
7.344359150E1,1.006982300E3
7.348204365E1,1.006979919E3
7.352095356E1,1.006979919E3
7.355894794E1,1.006979919E3
7.359740009E1,1.006979919E3
7.363588276E1,1.006965088E3
7.367430439E1,1.006965088E3
7.371275654E1,1.006965088E3
7.375120869E1,1.006965088E3
7.378966084E1,1.006955811E3
7.382811298E1,1.006955811E3
7.386656513E1,1.006955811E3
7.390504780E1,1.006955811E3
7.394346943E1,1.006955811E3
7.398192158E1,1.006955139E3
7.402040424E1,1.006955139E3
7.405882587E1,1.006955139E3
7.409727802E1,1.006955139E3
7.413573017E1,1.006948914E3
7.417418232E1,1.006948914E3
7.421266498E1,1.006948914E3
7.425108662E1,1.006948914E3
7.428953876E1,1.006939636E3
7.432799091E1,1.006939636E3
7.436644306E1,1.006939636E3
7.440488920E1,1.006939636E3
7.444334135E1,1.006939636E3
7.448182402E1,1.006940674E3
7.452024565E1,1.006940674E3
7.455869780E1,1.006940674E3
7.459714994E1,1.006940674E3
7.463560209E1,1.006938232E3
7.467405424E1,1.006938232E3
7.471250639E1,1.006938232E3
7.475095854E1,1.006938232E3
7.478944120E1,1.006932373E3
7.482786284E1,1.006932373E3
7.486637602E1,1.006932373E3
7.490476713E1,1.006932373E3
7.494328032E1,1.006932373E3
7.498167143E1,1.006919312E3
7.502012358E1,1.006919312E3
7.505860624E1,1.006919312E3
7.509702787E1,1.006919312E3
7.513551054E1,1.006917236E3
7.517390165E1,1.006917236E3
7.521238432E1,1.006917236E3
7.525083647E1,1.006917236E3
7.528928862E1,1.006917908E3
7.532774076E1,1.006917908E3
7.536622343E1,1.006917908E3
7.540464506E1,1.006917908E3
7.544309721E1,1.006917908E3
7.548154936E1,1.006906921E3
7.552021513E1,1.006906921E3
7.555845366E1,1.006906921E3
7.559690580E1,1.006906921E3
7.563538847E1,1.006899292E3
7.567381010E1,1.006899292E3
7.571226225E1,1.006899292E3
7.575071440E1,1.006899292E3
7.578916655E1,1.006888306E3
7.582761869E1,1.006888306E3
7.586607084E1,1.006888306E3
7.590455351E1,1.006888306E3
7.594297514E1,1.006888306E3
7.598142729E1,1.006875183E3
7.601987944E1,1.006875183E3
7.605833158E1,1.006875183E3
7.609678373E1,1.006875183E3
7.613523588E1,1.006866272E3
7.617420683E1,1.006866272E3
7.621217070E1,1.006866272E3
7.625065336E1,1.006866272E3
7.628901396E1,1.006869324E3
7.632749662E1,1.006869324E3
7.636594877E1,1.006869324E3
7.640440092E1,1.006869324E3
7.644285307E1,1.006869324E3
7.648133574E1,1.006855896E3
7.651975737E1,1.006855896E3
7.655820951E1,1.006855896E3
7.659666166E1,1.006855896E3
7.663511381E1,1.006850037E3
7.667356596E1,1.006850037E3
7.671201811E1,1.006850037E3
7.675260649E1,1.006850037E3
7.678895292E1,1.006845947E3
7.682737455E1,1.006845947E3
7.686582670E1,1.006845947E3
7.690427885E1,1.006845947E3
7.694273100E1,1.006845947E3
7.698118315E1,1.006838379E3
7.701963530E1,1.006838379E3
7.705811796E1,1.006838379E3
7.709653959E1,1.006838379E3
7.713499174E1,1.006826965E3
7.717344389E1,1.006826965E3
7.721189604E1,1.006826965E3
7.725034819E1,1.006826965E3
7.728880034E1,1.006821106E3
7.732725248E1,1.006821106E3
7.736573515E1,1.006821106E3
7.740415678E1,1.006821106E3
7.744260893E1,1.006811768E3
7.748106108E1,1.006811768E3
7.751963530E1,1.006811768E3
7.755930815E1,1.006811768E3
7.759638701E1,1.006811768E3
7.763490019E1,1.006799072E3
7.767332182E1,1.006799072E3
7.771177397E1,1.006799072E3
7.775022612E1,1.006799072E3
7.778867826E1,1.006794556E3
7.782713041E1,1.006794556E3
7.786558256E1,1.006794556E3
7.790403471E1,1.006794556E3
7.794251738E1,1.006795593E3
7.798093901E1,1.006795593E3
7.801939116E1,1.006795593E3
7.805784330E1,1.006795593E3
7.809629545E1,1.006795593E3
7.813474760E1,1.006796265E3
7.817368803E1,1.006796265E3
7.821171293E1,1.006796265E3
7.825010405E1,1.006796265E3
7.828855619E1,1.006799072E3
7.832700834E1,1.006799072E3
7.836546049E1,1.006799072E3
7.840394316E1,1.006799072E3
7.844233427E1,1.006796631E3
7.848084745E1,1.006796631E3
7.851926908E1,1.006796631E3
7.855772123E1,1.006796631E3
7.859617338E1,1.006796631E3
7.863462553E1,1.006793579E3
7.867307768E1,1.006793579E3
7.871152983E1,1.006793579E3
7.874998198E1,1.006793579E3
7.878846464E1,1.006792480E3
7.882688627E1,1.006792480E3
7.886533842E1,1.006792480E3
7.890379057E1,1.006792480E3
7.894224272E1,1.006791809E3
7.898069487E1,1.006791809E3
7.901914701E1,1.006791809E3
7.905762968E1,1.006791809E3
7.909605131E1,1.006791809E3
7.913450346E1,1.006784912E3
7.917295561E1,1.006784912E3
7.921140776E1,1.006784912E3
7.924985991E1,1.006784912E3
7.928831205E1,1.006782166E3
7.932676420E1,1.006782166E3
7.936524687E1,1.006782166E3
7.940366850E1,1.006782166E3
7.944212065E1,1.006788330E3
7.948057280E1,1.006788330E3
7.951902494E1,1.006788330E3
7.955747709E1,1.006788330E3
7.959592924E1,1.006788330E3
7.963441191E1,1.006791138E3
7.967283354E1,1.006791138E3
7.971128569E1,1.006791138E3
7.974973784E1,1.006791138E3
7.978818998E1,1.006782837E3
7.982664213E1,1.006782837E3
7.986509428E1,1.006782837E3
7.990354643E1,1.006782837E3
7.994202909E1,1.006778381E3
7.998045073E1,1.006778381E3
8.001890287E1,1.006778381E3
8.005735502E1,1.006778381E3
8.009580717E1,1.006778381E3
8.013425932E1,1.006782837E3
8.017289457E1,1.006782837E3
8.021119413E1,1.006782837E3
8.024961576E1,1.006782837E3
8.028806791E1,1.006790771E3
8.032652006E1,1.006790771E3
8.036497221E1,1.006790771E3
8.040342436E1,1.006790771E3
8.044187651E1,1.006784546E3
8.048032866E1,1.006784546E3
8.051881132E1,1.006784546E3
8.055723295E1,1.006784546E3
8.059568510E1,1.006784546E3
8.063413725E1,1.006792480E3
8.067258940E1,1.006792480E3
8.071104155E1,1.006792480E3
8.074949369E1,1.006792480E3
8.078797636E1,1.006792847E3
8.082688627E1,1.006792847E3
8.086485014E1,1.006792847E3
8.090330229E1,1.006792847E3
8.094175444E1,1.006798706E3
8.098020658E1,1.006798706E3
8.101865873E1,1.006798706E3
8.105714140E1,1.006798706E3
8.109556303E1,1.006798706E3
8.113401518E1,1.006802490E3
8.117246733E1,1.006802490E3
8.121091948E1,1.006802490E3
8.124937162E1,1.006802490E3
8.128782377E1,1.006807312E3
8.132627592E1,1.006807312E3
8.136475859E1,1.006807312E3
8.140318022E1,1.006807312E3
8.144163237E1,1.006807678E3
8.148008451E1,1.006807678E3
8.151850614E1,1.006807678E3
8.155698881E1,1.006807678E3
8.159544096E1,1.006807678E3
8.163392363E1,1.006815613E3
8.167234526E1,1.006815613E3
8.171079741E1,1.006815613E3
8.174924955E1,1.006815613E3
8.178770170E1,1.006837341E3
8.182615385E1,1.006837341E3
8.186460600E1,1.006837341E3
8.190305815E1,1.006837341E3
8.194154081E1,1.006822510E3
8.197996244E1,1.006822510E3
8.201841459E1,1.006822510E3
8.205686674E1,1.006822510E3
8.209531889E1,1.006822510E3
8.213377104E1,1.006812500E3
8.217222319E1,1.006812500E3
8.221067534E1,1.006812500E3
8.224912748E1,1.006812500E3
8.228757963E1,1.006813171E3
8.232603178E1,1.006813171E3
8.236448393E1,1.006813171E3
8.240293608E1,1.006813171E3
8.244138823E1,1.006807983E3
8.247984037E1,1.006807983E3
8.251832304E1,1.006807983E3
8.255674467E1,1.006807983E3
8.259519682E1,1.006807983E3
8.263364897E1,1.006805603E3
8.267210112E1,1.006805603E3
8.271055326E1,1.006805603E3
8.274900541E1,1.006805603E3
8.278748808E1,1.006802856E3
8.282609282E1,1.006802856E3
8.286439238E1,1.006802856E3
8.290281401E1,1.006802856E3
8.294126616E1,1.006804932E3
8.297971830E1,1.006804932E3
8.301817045E1,1.006804932E3
8.305662260E1,1.006804932E3
8.309510527E1,1.006804932E3
